{"cameraMode":{"drawMode":0,"name":"Shaded","section":"Shading Mode"},"sceneLighting":true,"audioPlay":false,"sceneViewState":{"showFog":true,"showMaterialUpdate":true,"showSkybox":true,"showFlares":true,"showImageEffects":true,"showParticleSystems":true},"in2DMode":false,"pivot":{"x":-10.948132514953614,"y":136.23162841796876,"z":242.93594360351563},"rotation":{"x":0.027669358998537065,"y":0.9569680690765381,"z":-0.27197009325027468,"w":0.09735912084579468},"size":2.1979832649230959,"orthographic":false}