{"cameraMode":{"drawMode":0,"name":"Shaded","section":"Shading Mode"},"sceneLighting":true,"audioPlay":false,"sceneViewState":{"showFog":true,"showMaterialUpdate":true,"showSkybox":true,"showFlares":true,"showImageEffects":true,"showParticleSystems":true},"in2DMode":false,"pivot":{"x":-103.28800201416016,"y":33.28044128417969,"z":-225.94320678710938},"rotation":{"x":-0.41089072823524477,"y":0.5724641680717468,"z":-0.40258222818374636,"w":-0.584278404712677},"size":19.13453483581543,"orthographic":false}